{
  "assembleias": [
    {
      "codigo_debenture": "ROTA DAS BANDEIRAS - 2ª EMISSÃO",
      "data_assembleia": "2025-05-21",
      "tipo": "AGT",
      "documento_url": "https://www.oliveiratrust.com.br/investidor/documentos",
      "agente_fiduciario": "Oliveira Trust DTVM S.A."
    }
  ],
  "meta": {
    "ultima_atualizacao": "2025-05-26T20:12:00Z",
    "fontes": ["Oliveira Trust DTVM S.A."],
    "observacoes": "Dados coletados do portal da Oliveira Trust. Algumas fontes como Pentágono e Vórtx apresentaram erros de acesso."
  }
}
