{
  "$schema": "http://json-schema.org/draft-07/schema#",
  "title": "Esquema de Dados de Debêntures",
  "description": "Estrutura padronizada para armazenamento de dados de debêntures no Brasil",
  "type": "object",
  "properties": {
    "emissoes": {
      "type": "array",
      "description": "Lista de emissões de debêntures",
      "items": {
        "type": "object",
        "properties": {
          "emissor": {
            "type": "string",
            "description": "Nome da empresa emissora"
          },
          "codigo": {
            "type": "string",
            "description": "Código da debênture"
          },
          "serie": {
            "type": "string",
            "description": "Série da emissão"
          },
          "emissao": {
            "type": "string",
            "description": "Número da emissão"
          },
          "data_emissao": {
            "type": "string",
            "format": "date",
            "description": "Data da emissão"
          },
          "data_vencimento": {
            "type": "string",
            "format": "date",
            "description": "Data de vencimento"
          },
          "valor_nominal": {
            "type": "number",
            "description": "Valor nominal da debênture"
          },
          "volume_total": {
            "type": "number",
            "description": "Volume total da emissão"
          },
          "indexador": {
            "type": "string",
            "description": "Indexador da debênture (DI, IPCA, etc.)"
          },
          "agente_fiduciario": {
            "type": "string",
            "description": "Nome do agente fiduciário"
          },
          "status": {
            "type": "string",
            "description": "Status atual da emissão",
            "enum": ["Ativa", "Vencida", "Resgatada", "Inadimplente"]
          }
        },
        "required": ["emissor", "codigo", "serie", "emissao", "data_emissao", "volume_total"]
      }
    },
    "assembleias": {
      "type": "array",
      "description": "Lista de assembleias de debenturistas",
      "items": {
        "type": "object",
        "properties": {
          "codigo_debenture": {
            "type": "string",
            "description": "Código da debênture relacionada"
          },
          "data_assembleia": {
            "type": "string",
            "format": "date",
            "description": "Data da assembleia"
          },
          "tipo": {
            "type": "string",
            "description": "Tipo de assembleia",
            "enum": ["AGD", "AGT", "Extraordinária", "Ordinária"]
          },
          "deliberacoes": {
            "type": "array",
            "description": "Lista de deliberações da assembleia",
            "items": {
              "type": "string"
            }
          },
          "documento_url": {
            "type": "string",
            "description": "URL do documento da assembleia"
          },
          "agente_fiduciario": {
            "type": "string",
            "description": "Agente fiduciário responsável"
          }
        },
        "required": ["codigo_debenture", "data_assembleia", "tipo"]
      }
    },
    "taxas": {
      "type": "array",
      "description": "Taxas e preços de debêntures no mercado secundário",
      "items": {
        "type": "object",
        "properties": {
          "codigo": {
            "type": "string",
            "description": "Código da debênture"
          },
          "data": {
            "type": "string",
            "format": "date",
            "description": "Data da cotação"
          },
          "pu": {
            "type": "number",
            "description": "Preço unitário"
          },
          "percentual_pu_par": {
            "type": "number",
            "description": "Percentual do PU Par"
          },
          "duration": {
            "type": "number",
            "description": "Duration"
          },
          "taxa": {
            "type": "number",
            "description": "Taxa indicativa"
          },
          "fonte": {
            "type": "string",
            "description": "Fonte da informação"
          }
        },
        "required": ["codigo", "data", "pu", "fonte"]
      }
    },
    "eventos": {
      "type": "array",
      "description": "Eventos corporativos relacionados a debêntures",
      "items": {
        "type": "object",
        "properties": {
          "codigo_debenture": {
            "type": "string",
            "description": "Código da debênture relacionada"
          },
          "data_evento": {
            "type": "string",
            "format": "date",
            "description": "Data do evento"
          },
          "tipo_evento": {
            "type": "string",
            "description": "Tipo de evento",
            "enum": ["Pagamento de Juros", "Amortização", "Resgate Antecipado", "Repactuação", "Vencimento", "Outro"]
          },
          "descricao": {
            "type": "string",
            "description": "Descrição detalhada do evento"
          },
          "valor": {
            "type": "number",
            "description": "Valor envolvido no evento, se aplicável"
          }
        },
        "required": ["codigo_debenture", "data_evento", "tipo_evento"]
      }
    },
    "meta": {
      "type": "object",
      "description": "Metadados sobre a coleta de dados",
      "properties": {
        "ultima_atualizacao": {
          "type": "string",
          "format": "date-time",
          "description": "Data e hora da última atualização dos dados"
        },
        "fontes": {
          "type": "array",
          "description": "Fontes de dados utilizadas",
          "items": {
            "type": "string"
          }
        },
        "observacoes": {
          "type": "string",
          "description": "Observações sobre a coleta de dados"
        }
      },
      "required": ["ultima_atualizacao", "fontes"]
    }
  },
  "required": ["meta"]
}
