{
  "emissoes": [
    {
      "emissor": "OCCAM PORTFOLIO CRÉDITO FUNDO DE INVESTIMENTO EM DIREITOS CREDITÓRIOS DE RESPONSABILIDADE LIMITADA",
      "codigo": "OCCAM_FIDC_2025",
      "serie": "Única",
      "emissao": "1",
      "data_emissao": "2025-04-17",
      "volume_total": 350000000.00,
      "status": "Ativa"
    },
    {
      "emissor": "SOLIS PORTFOLIO CRÉDITO CDI+ FIC FIDC RESPONSABILIDADE LIMITADA",
      "codigo": "SOLIS_FIDC_2025",
      "serie": "Única",
      "emissao": "1",
      "data_emissao": "2025-02-27",
      "volume_total": 240000000.00,
      "status": "Ativa"
    }
  ],
  "meta": {
    "ultima_atualizacao": "2025-05-26T20:13:00Z",
    "fontes": ["CVM - Ofertas Registradas"],
    "observacoes": "Dados coletados do sistema de Ofertas Registradas da CVM. Os dados referem-se a ofertas de fundos de investimento em direitos creditórios, que podem incluir debêntures em suas carteiras."
  }
}
