{
  "eventos": [
    {
      "codigo_debenture": "ROTA DAS BANDEIRAS - 2ª EMISSÃO",
      "data_evento": "2025-05-21",
      "tipo_evento": "Assembleia",
      "descricao": "Assembleia Geral de Titulares para deliberação sobre eventos corporativos",
      "agente_fiduciario": "Oliveira Trust DTVM S.A."
    }
  ],
  "meta": {
    "ultima_atualizacao": "2025-05-26T20:14:00Z",
    "fontes": ["Oliveira Trust DTVM S.A."],
    "observacoes": "Dados de eventos corporativos extraídos das informações de assembleias disponibilizadas pela Oliveira Trust."
  }
}
