{
  "taxas": [
    {
      "codigo": "VLME11",
      "data": "2025-05-15",
      "pu": 424.192491,
      "percentual_pu_par": 76.35,
      "duration": 311,
      "fonte": "ANBIMA"
    },
    {
      "codigo": "VLME11",
      "data": "2025-05-15",
      "pu": 592.571634,
      "percentual_pu_par": 81.59,
      "duration": 227,
      "observacao": "Valor corrigido",
      "fonte": "ANBIMA"
    }
  ],
  "meta": {
    "ultima_atualizacao": "2025-05-26T20:12:00Z",
    "fontes": ["ANBIMA - Taxas de Debêntures"],
    "observacoes": "Dados coletados da página de Taxas de Debêntures da ANBIMA. Alguns valores foram retificados conforme indicado na fonte."
  }
}
