policy,policy_details,last_updated
Return Policy,Customers are entitled to return products within a period of 30 days from the date of purchase. Each customer is allowed a maximum of 12 returns per calendar year. The returned items must be in their original condition and packaging.,2023-01-15
Account Cancellation Policy,"Customers have the right to cancel their accounts at any given time. Upon successful cancellation, a confirmation email will be sent to the registered email address. The account data will be retained for a period of 30 days post-cancellation for any potential follow-up actions.",2023-02-20
Exchange Policy,Customers can exchange products for a similar item within 30 days of the original purchase date. The exchanged items must be in their original condition and packaging. Note that exchanges do not count towards the annual return limit of 12 items per customer.,2023-01-30
Refund Policy,Refunds will be processed within 5-7 business days after the returned item has been received and inspected by our team. The refund will be issued to the original payment method used during the purchase. Customers will be notified via email once the refund has been processed.,2023-03-05
Warranty Policy,All products are covered by a one-year warranty that protects against manufacturing defects. Customers can file a warranty claim within this period. The claimed items will be subject to inspection to determine eligibility for repair or replacement.,2023-02-10
Privacy Policy,Customer data is safeguarded and will not be shared with third parties without explicit consent from the customer. Customers have the right to request the deletion of their data at any time. Data deletion requests will be processed within 30 days.,2023-01-25
